recording_id,passage_id,speaker,gender,split,kind,severity_level,number_of_flaws,flaw_types,path,duration_s,source,license
dev_f_1462__L1,dev_f_1462,1462,F,dev,injected,1,1,stumble_repeat,data/processed/audio/dev_f_1462__L1.flac,62.170000,"LibriSpeech ASR corpus, dev-clean",CC BY 4.0
dev_f_1462__L2,dev_f_1462,1462,F,dev,injected,2,2,filler;monotone,data/processed/audio/dev_f_1462__L2.flac,61.887500,"LibriSpeech ASR corpus, dev-clean",CC BY 4.0
dev_f_1462__L3,dev_f_1462,1462,F,dev,injected,3,3,volume_dropoff;monotone;stumble_repeat,data/processed/audio/dev_f_1462__L3.flac,61.690000,"LibriSpeech ASR corpus, dev-clean",CC BY 4.0
dev_f_1462__L4,dev_f_1462,1462,F,dev,injected,4,5,long_pause;pace_fast;volume_dropoff;monotone;volume_dropoff,data/processed/audio/dev_f_1462__L4.flac,63.242812,"LibriSpeech ASR corpus, dev-clean",CC BY 4.0
dev_f_1462__L5,dev_f_1462,1462,F,dev,injected,5,7,pace_slow;long_pause;long_pause;pace_fast;filler;stumble_repeat;pace_slow,data/processed/audio/dev_f_1462__L5.flac,70.320562,"LibriSpeech ASR corpus, dev-clean",CC BY 4.0
dev_f_1462__control_gain_minus6db,dev_f_1462,1462,F,dev,control,0,0,,data/processed/audio/dev_f_1462__control_gain_minus6db.flac,61.550000,"LibriSpeech ASR corpus, dev-clean",CC BY 4.0
dev_f_1462__control_identity,dev_f_1462,1462,F,dev,control,0,0,,data/processed/audio/dev_f_1462__control_identity.flac,61.550000,"LibriSpeech ASR corpus, dev-clean",CC BY 4.0
dev_f_1462__control_lossy_mp3,dev_f_1462,1462,F,dev,control,0,0,,data/processed/audio/dev_f_1462__control_lossy_mp3.flac,61.550000,"LibriSpeech ASR corpus, dev-clean",CC BY 4.0
dev_f_1462__control_mild_noise,dev_f_1462,1462,F,dev,control,0,0,,data/processed/audio/dev_f_1462__control_mild_noise.flac,61.550000,"LibriSpeech ASR corpus, dev-clean",CC BY 4.0
dev_f_1462__ideal,dev_f_1462,1462,F,dev,ideal,0,0,,data/processed/audio/dev_f_1462__ideal.flac,61.550000,"LibriSpeech ASR corpus, dev-clean",CC BY 4.0
dev_f_1673__L1,dev_f_1673,1673,F,dev,injected,1,1,pace_slow,data/processed/audio/dev_f_1673__L1.flac,65.729000,"LibriSpeech ASR corpus, dev-clean",CC BY 4.0
dev_f_1673__L2,dev_f_1673,1673,F,dev,injected,2,2,long_pause;monotone,data/processed/audio/dev_f_1673__L2.flac,66.590000,"LibriSpeech ASR corpus, dev-clean",CC BY 4.0
dev_f_1673__L3,dev_f_1673,1673,F,dev,injected,3,3,stumble_repeat;stumble_repeat;stumble_repeat,data/processed/audio/dev_f_1673__L3.flac,67.580000,"LibriSpeech ASR corpus, dev-clean",CC BY 4.0
dev_f_1673__L4,dev_f_1673,1673,F,dev,injected,4,5,monotone;pace_fast;long_pause;volume_dropoff;volume_dropoff,data/processed/audio/dev_f_1673__L4.flac,67.397437,"LibriSpeech ASR corpus, dev-clean",CC BY 4.0
dev_f_1673__L5,dev_f_1673,1673,F,dev,injected,5,7,filler;pace_fast;filler;long_pause;pace_slow;monotone;volume_dropoff,data/processed/audio/dev_f_1673__L5.flac,69.208438,"LibriSpeech ASR corpus, dev-clean",CC BY 4.0
dev_f_1673__control_gain_plus6db,dev_f_1673,1673,F,dev,control,0,0,,data/processed/audio/dev_f_1673__control_gain_plus6db.flac,65.640000,"LibriSpeech ASR corpus, dev-clean",CC BY 4.0
dev_f_1673__control_identity,dev_f_1673,1673,F,dev,control,0,0,,data/processed/audio/dev_f_1673__control_identity.flac,65.640000,"LibriSpeech ASR corpus, dev-clean",CC BY 4.0
dev_f_1673__control_lossy_mp3,dev_f_1673,1673,F,dev,control,0,0,,data/processed/audio/dev_f_1673__control_lossy_mp3.flac,65.640000,"LibriSpeech ASR corpus, dev-clean",CC BY 4.0
dev_f_1673__control_mild_noise,dev_f_1673,1673,F,dev,control,0,0,,data/processed/audio/dev_f_1673__control_mild_noise.flac,65.640000,"LibriSpeech ASR corpus, dev-clean",CC BY 4.0
dev_f_1673__ideal,dev_f_1673,1673,F,dev,ideal,0,0,,data/processed/audio/dev_f_1673__ideal.flac,65.640000,"LibriSpeech ASR corpus, dev-clean",CC BY 4.0
dev_f_1919__L1,dev_f_1919,1919,F,dev,injected,1,1,volume_dropoff,data/processed/audio/dev_f_1919__L1.flac,84.460000,"LibriSpeech ASR corpus, dev-clean",CC BY 4.0
dev_f_1919__L2,dev_f_1919,1919,F,dev,injected,2,2,monotone;pace_fast,data/processed/audio/dev_f_1919__L2.flac,84.298125,"LibriSpeech ASR corpus, dev-clean",CC BY 4.0
dev_f_1919__L3,dev_f_1919,1919,F,dev,injected,3,3,stumble_repeat;monotone;filler,data/processed/audio/dev_f_1919__L3.flac,85.095000,"LibriSpeech ASR corpus, dev-clean",CC BY 4.0
dev_f_1919__L4,dev_f_1919,1919,F,dev,injected,4,5,pace_slow;pace_fast;pace_fast;pace_slow;long_pause,data/processed/audio/dev_f_1919__L4.flac,86.850375,"LibriSpeech ASR corpus, dev-clean",CC BY 4.0
dev_f_1919__L5,dev_f_1919,1919,F,dev,injected,5,7,long_pause;long_pause;pace_slow;monotone;stumble_repeat;filler;volume_dropoff,data/processed/audio/dev_f_1919__L5.flac,92.869500,"LibriSpeech ASR corpus, dev-clean",CC BY 4.0
dev_f_1919__control_gain_minus6db,dev_f_1919,1919,F,dev,control,0,0,,data/processed/audio/dev_f_1919__control_gain_minus6db.flac,84.460000,"LibriSpeech ASR corpus, dev-clean",CC BY 4.0
dev_f_1919__control_identity,dev_f_1919,1919,F,dev,control,0,0,,data/processed/audio/dev_f_1919__control_identity.flac,84.460000,"LibriSpeech ASR corpus, dev-clean",CC BY 4.0
dev_f_1919__control_lossy_mp3,dev_f_1919,1919,F,dev,control,0,0,,data/processed/audio/dev_f_1919__control_lossy_mp3.flac,84.460000,"LibriSpeech ASR corpus, dev-clean",CC BY 4.0
dev_f_1919__control_mild_noise,dev_f_1919,1919,F,dev,control,0,0,,data/processed/audio/dev_f_1919__control_mild_noise.flac,84.460000,"LibriSpeech ASR corpus, dev-clean",CC BY 4.0
dev_f_1919__ideal,dev_f_1919,1919,F,dev,ideal,0,0,,data/processed/audio/dev_f_1919__ideal.flac,84.460000,"LibriSpeech ASR corpus, dev-clean",CC BY 4.0
dev_f_84__L1,dev_f_84,84,F,dev,injected,1,1,volume_dropoff,data/processed/audio/dev_f_84__L1.flac,61.590000,"LibriSpeech ASR corpus, dev-clean",CC BY 4.0
dev_f_84__L2,dev_f_84,84,F,dev,injected,2,2,volume_dropoff;pace_slow,data/processed/audio/dev_f_84__L2.flac,61.799375,"LibriSpeech ASR corpus, dev-clean",CC BY 4.0
dev_f_84__L3,dev_f_84,84,F,dev,injected,3,3,stumble_repeat;long_pause;filler,data/processed/audio/dev_f_84__L3.flac,63.465000,"LibriSpeech ASR corpus, dev-clean",CC BY 4.0
dev_f_84__L4,dev_f_84,84,F,dev,injected,4,5,pace_fast;filler;filler;volume_dropoff;pace_slow,data/processed/audio/dev_f_84__L4.flac,62.331562,"LibriSpeech ASR corpus, dev-clean",CC BY 4.0
dev_f_84__L5,dev_f_84,84,F,dev,injected,5,7,stumble_repeat;monotone;pace_fast;stumble_repeat;monotone;pace_fast;long_pause,data/processed/audio/dev_f_84__L5.flac,67.271062,"LibriSpeech ASR corpus, dev-clean",CC BY 4.0
dev_f_84__control_gain_plus6db,dev_f_84,84,F,dev,control,0,0,,data/processed/audio/dev_f_84__control_gain_plus6db.flac,61.590000,"LibriSpeech ASR corpus, dev-clean",CC BY 4.0
dev_f_84__control_identity,dev_f_84,84,F,dev,control,0,0,,data/processed/audio/dev_f_84__control_identity.flac,61.590000,"LibriSpeech ASR corpus, dev-clean",CC BY 4.0
dev_f_84__control_lossy_mp3,dev_f_84,84,F,dev,control,0,0,,data/processed/audio/dev_f_84__control_lossy_mp3.flac,61.590000,"LibriSpeech ASR corpus, dev-clean",CC BY 4.0
dev_f_84__control_mild_noise,dev_f_84,84,F,dev,control,0,0,,data/processed/audio/dev_f_84__control_mild_noise.flac,61.590000,"LibriSpeech ASR corpus, dev-clean",CC BY 4.0
dev_f_84__ideal,dev_f_84,84,F,dev,ideal,0,0,,data/processed/audio/dev_f_84__ideal.flac,61.590000,"LibriSpeech ASR corpus, dev-clean",CC BY 4.0
dev_m_174__L1,dev_m_174,174,M,dev,injected,1,1,monotone,data/processed/audio/dev_m_174__L1.flac,60.960000,"LibriSpeech ASR corpus, dev-clean",CC BY 4.0
dev_m_174__L2,dev_m_174,174,M,dev,injected,2,2,long_pause;monotone,data/processed/audio/dev_m_174__L2.flac,61.910000,"LibriSpeech ASR corpus, dev-clean",CC BY 4.0
dev_m_174__L3,dev_m_174,174,M,dev,injected,3,3,long_pause;long_pause;pace_slow,data/processed/audio/dev_m_174__L3.flac,63.792250,"LibriSpeech ASR corpus, dev-clean",CC BY 4.0
dev_m_174__L4,dev_m_174,174,M,dev,injected,4,5,pace_fast;volume_dropoff;stumble_repeat;volume_dropoff;volume_dropoff,data/processed/audio/dev_m_174__L4.flac,60.814875,"LibriSpeech ASR corpus, dev-clean",CC BY 4.0
dev_m_174__L5,dev_m_174,174,M,dev,injected,5,7,filler;pace_fast;stumble_repeat;monotone;filler;filler;pace_slow,data/processed/audio/dev_m_174__L5.flac,63.166625,"LibriSpeech ASR corpus, dev-clean",CC BY 4.0
dev_m_174__control_gain_plus6db,dev_m_174,174,M,dev,control,0,0,,data/processed/audio/dev_m_174__control_gain_plus6db.flac,60.960000,"LibriSpeech ASR corpus, dev-clean",CC BY 4.0
dev_m_174__control_identity,dev_m_174,174,M,dev,control,0,0,,data/processed/audio/dev_m_174__control_identity.flac,60.960000,"LibriSpeech ASR corpus, dev-clean",CC BY 4.0
dev_m_174__control_lossy_mp3,dev_m_174,174,M,dev,control,0,0,,data/processed/audio/dev_m_174__control_lossy_mp3.flac,60.960000,"LibriSpeech ASR corpus, dev-clean",CC BY 4.0
dev_m_174__control_mild_noise,dev_m_174,174,M,dev,control,0,0,,data/processed/audio/dev_m_174__control_mild_noise.flac,60.960000,"LibriSpeech ASR corpus, dev-clean",CC BY 4.0
dev_m_174__ideal,dev_m_174,174,M,dev,ideal,0,0,,data/processed/audio/dev_m_174__ideal.flac,60.960000,"LibriSpeech ASR corpus, dev-clean",CC BY 4.0
dev_m_251__L1,dev_m_251,251,M,dev,injected,1,1,filler,data/processed/audio/dev_m_251__L1.flac,60.770000,"LibriSpeech ASR corpus, dev-clean",CC BY 4.0
dev_m_251__L2,dev_m_251,251,M,dev,injected,2,2,monotone;monotone,data/processed/audio/dev_m_251__L2.flac,60.470000,"LibriSpeech ASR corpus, dev-clean",CC BY 4.0
dev_m_251__L3,dev_m_251,251,M,dev,injected,3,3,volume_dropoff;stumble_repeat;pace_slow,data/processed/audio/dev_m_251__L3.flac,61.275188,"LibriSpeech ASR corpus, dev-clean",CC BY 4.0
dev_m_251__L4,dev_m_251,251,M,dev,injected,4,5,long_pause;stumble_repeat;filler;volume_dropoff;pace_slow,data/processed/audio/dev_m_251__L4.flac,63.813688,"LibriSpeech ASR corpus, dev-clean",CC BY 4.0
dev_m_251__L5,dev_m_251,251,M,dev,injected,5,7,pace_slow;volume_dropoff;stumble_repeat;pace_fast;pace_fast;long_pause;long_pause,data/processed/audio/dev_m_251__L5.flac,67.680250,"LibriSpeech ASR corpus, dev-clean",CC BY 4.0
dev_m_251__control_gain_minus6db,dev_m_251,251,M,dev,control,0,0,,data/processed/audio/dev_m_251__control_gain_minus6db.flac,60.470000,"LibriSpeech ASR corpus, dev-clean",CC BY 4.0
dev_m_251__control_identity,dev_m_251,251,M,dev,control,0,0,,data/processed/audio/dev_m_251__control_identity.flac,60.470000,"LibriSpeech ASR corpus, dev-clean",CC BY 4.0
dev_m_251__control_lossy_mp3,dev_m_251,251,M,dev,control,0,0,,data/processed/audio/dev_m_251__control_lossy_mp3.flac,60.470000,"LibriSpeech ASR corpus, dev-clean",CC BY 4.0
dev_m_251__control_mild_noise,dev_m_251,251,M,dev,control,0,0,,data/processed/audio/dev_m_251__control_mild_noise.flac,60.470000,"LibriSpeech ASR corpus, dev-clean",CC BY 4.0
dev_m_251__ideal,dev_m_251,251,M,dev,ideal,0,0,,data/processed/audio/dev_m_251__ideal.flac,60.470000,"LibriSpeech ASR corpus, dev-clean",CC BY 4.0
dev_m_422__L1,dev_m_422,422,M,dev,injected,1,1,pace_slow,data/processed/audio/dev_m_422__L1.flac,62.002500,"LibriSpeech ASR corpus, dev-clean",CC BY 4.0
dev_m_422__L2,dev_m_422,422,M,dev,injected,2,2,pace_slow;monotone,data/processed/audio/dev_m_422__L2.flac,62.113000,"LibriSpeech ASR corpus, dev-clean",CC BY 4.0
dev_m_422__L3,dev_m_422,422,M,dev,injected,3,3,pace_slow;pace_fast;monotone,data/processed/audio/dev_m_422__L3.flac,61.617875,"LibriSpeech ASR corpus, dev-clean",CC BY 4.0
dev_m_422__L4,dev_m_422,422,M,dev,injected,4,5,pace_fast;stumble_repeat;volume_dropoff;filler;long_pause,data/processed/audio/dev_m_422__L4.flac,64.599125,"LibriSpeech ASR corpus, dev-clean",CC BY 4.0
dev_m_422__L5,dev_m_422,422,M,dev,injected,5,7,pace_fast;long_pause;volume_dropoff;filler;volume_dropoff;stumble_repeat;monotone,data/processed/audio/dev_m_422__L5.flac,65.411812,"LibriSpeech ASR corpus, dev-clean",CC BY 4.0
dev_m_422__control_gain_plus6db,dev_m_422,422,M,dev,control,0,0,,data/processed/audio/dev_m_422__control_gain_plus6db.flac,61.870000,"LibriSpeech ASR corpus, dev-clean",CC BY 4.0
dev_m_422__control_identity,dev_m_422,422,M,dev,control,0,0,,data/processed/audio/dev_m_422__control_identity.flac,61.870000,"LibriSpeech ASR corpus, dev-clean",CC BY 4.0
dev_m_422__control_lossy_mp3,dev_m_422,422,M,dev,control,0,0,,data/processed/audio/dev_m_422__control_lossy_mp3.flac,61.870000,"LibriSpeech ASR corpus, dev-clean",CC BY 4.0
dev_m_422__control_mild_noise,dev_m_422,422,M,dev,control,0,0,,data/processed/audio/dev_m_422__control_mild_noise.flac,61.870000,"LibriSpeech ASR corpus, dev-clean",CC BY 4.0
dev_m_422__ideal,dev_m_422,422,M,dev,ideal,0,0,,data/processed/audio/dev_m_422__ideal.flac,61.870000,"LibriSpeech ASR corpus, dev-clean",CC BY 4.0
dev_m_652__L1,dev_m_652,652,M,dev,injected,1,1,monotone,data/processed/audio/dev_m_652__L1.flac,70.435000,"LibriSpeech ASR corpus, dev-clean",CC BY 4.0
dev_m_652__L2,dev_m_652,652,M,dev,injected,2,2,pace_slow;monotone,data/processed/audio/dev_m_652__L2.flac,70.636875,"LibriSpeech ASR corpus, dev-clean",CC BY 4.0
dev_m_652__L3,dev_m_652,652,M,dev,injected,3,3,pace_fast;monotone;pace_slow,data/processed/audio/dev_m_652__L3.flac,70.496000,"LibriSpeech ASR corpus, dev-clean",CC BY 4.0
dev_m_652__L4,dev_m_652,652,M,dev,injected,4,5,volume_dropoff;filler;volume_dropoff;stumble_repeat;long_pause,data/processed/audio/dev_m_652__L4.flac,73.640000,"LibriSpeech ASR corpus, dev-clean",CC BY 4.0
dev_m_652__L5,dev_m_652,652,M,dev,injected,5,7,stumble_repeat;filler;pace_fast;pace_fast;pace_slow;long_pause;volume_dropoff,data/processed/audio/dev_m_652__L5.flac,74.058750,"LibriSpeech ASR corpus, dev-clean",CC BY 4.0
dev_m_652__control_gain_minus6db,dev_m_652,652,M,dev,control,0,0,,data/processed/audio/dev_m_652__control_gain_minus6db.flac,70.435000,"LibriSpeech ASR corpus, dev-clean",CC BY 4.0
dev_m_652__control_identity,dev_m_652,652,M,dev,control,0,0,,data/processed/audio/dev_m_652__control_identity.flac,70.435000,"LibriSpeech ASR corpus, dev-clean",CC BY 4.0
dev_m_652__control_lossy_mp3,dev_m_652,652,M,dev,control,0,0,,data/processed/audio/dev_m_652__control_lossy_mp3.flac,70.435000,"LibriSpeech ASR corpus, dev-clean",CC BY 4.0
dev_m_652__control_mild_noise,dev_m_652,652,M,dev,control,0,0,,data/processed/audio/dev_m_652__control_mild_noise.flac,70.435000,"LibriSpeech ASR corpus, dev-clean",CC BY 4.0
dev_m_652__ideal,dev_m_652,652,M,dev,ideal,0,0,,data/processed/audio/dev_m_652__ideal.flac,70.435000,"LibriSpeech ASR corpus, dev-clean",CC BY 4.0
test_f_1988__L1,test_f_1988,1988,F,test,injected,1,1,pace_slow,data/processed/audio/test_f_1988__L1.flac,60.869125,"LibriSpeech ASR corpus, dev-clean",CC BY 4.0
test_f_1988__L2,test_f_1988,1988,F,test,injected,2,2,volume_dropoff;long_pause,data/processed/audio/test_f_1988__L2.flac,61.740000,"LibriSpeech ASR corpus, dev-clean",CC BY 4.0
test_f_1988__L3,test_f_1988,1988,F,test,injected,3,3,pace_fast;stumble_repeat;pace_fast,data/processed/audio/test_f_1988__L3.flac,60.450000,"LibriSpeech ASR corpus, dev-clean",CC BY 4.0
test_f_1988__L4,test_f_1988,1988,F,test,injected,4,5,long_pause;stumble_repeat;monotone;pace_slow;filler,data/processed/audio/test_f_1988__L4.flac,64.341562,"LibriSpeech ASR corpus, dev-clean",CC BY 4.0
test_f_1988__L5,test_f_1988,1988,F,test,injected,5,7,filler;monotone;filler;stumble_repeat;long_pause;volume_dropoff;monotone,data/processed/audio/test_f_1988__L5.flac,65.231000,"LibriSpeech ASR corpus, dev-clean",CC BY 4.0
test_f_1988__control_gain_plus6db,test_f_1988,1988,F,test,control,0,0,,data/processed/audio/test_f_1988__control_gain_plus6db.flac,60.790000,"LibriSpeech ASR corpus, dev-clean",CC BY 4.0
test_f_1988__control_identity,test_f_1988,1988,F,test,control,0,0,,data/processed/audio/test_f_1988__control_identity.flac,60.790000,"LibriSpeech ASR corpus, dev-clean",CC BY 4.0
test_f_1988__control_lossy_mp3,test_f_1988,1988,F,test,control,0,0,,data/processed/audio/test_f_1988__control_lossy_mp3.flac,60.790000,"LibriSpeech ASR corpus, dev-clean",CC BY 4.0
test_f_1988__control_mild_noise,test_f_1988,1988,F,test,control,0,0,,data/processed/audio/test_f_1988__control_mild_noise.flac,60.790000,"LibriSpeech ASR corpus, dev-clean",CC BY 4.0
test_f_1988__ideal,test_f_1988,1988,F,test,ideal,0,0,,data/processed/audio/test_f_1988__ideal.flac,60.790000,"LibriSpeech ASR corpus, dev-clean",CC BY 4.0
test_f_1993__L1,test_f_1993,1993,F,test,injected,1,1,volume_dropoff,data/processed/audio/test_f_1993__L1.flac,71.600000,"LibriSpeech ASR corpus, dev-clean",CC BY 4.0
test_f_1993__L2,test_f_1993,1993,F,test,injected,2,2,stumble_repeat;pace_fast,data/processed/audio/test_f_1993__L2.flac,71.389375,"LibriSpeech ASR corpus, dev-clean",CC BY 4.0
test_f_1993__L3,test_f_1993,1993,F,test,injected,3,3,monotone;long_pause;pace_slow,data/processed/audio/test_f_1993__L3.flac,73.236750,"LibriSpeech ASR corpus, dev-clean",CC BY 4.0
test_f_1993__L4,test_f_1993,1993,F,test,injected,4,5,pace_slow;volume_dropoff;stumble_repeat;monotone;pace_fast,data/processed/audio/test_f_1993__L4.flac,73.540000,"LibriSpeech ASR corpus, dev-clean",CC BY 4.0
test_f_1993__L5,test_f_1993,1993,F,test,injected,5,7,filler;long_pause;long_pause;volume_dropoff;filler;monotone;pace_slow,data/processed/audio/test_f_1993__L5.flac,78.128625,"LibriSpeech ASR corpus, dev-clean",CC BY 4.0
test_f_1993__control_gain_minus6db,test_f_1993,1993,F,test,control,0,0,,data/processed/audio/test_f_1993__control_gain_minus6db.flac,71.600000,"LibriSpeech ASR corpus, dev-clean",CC BY 4.0
test_f_1993__control_identity,test_f_1993,1993,F,test,control,0,0,,data/processed/audio/test_f_1993__control_identity.flac,71.600000,"LibriSpeech ASR corpus, dev-clean",CC BY 4.0
test_f_1993__control_lossy_mp3,test_f_1993,1993,F,test,control,0,0,,data/processed/audio/test_f_1993__control_lossy_mp3.flac,71.600000,"LibriSpeech ASR corpus, dev-clean",CC BY 4.0
test_f_1993__control_mild_noise,test_f_1993,1993,F,test,control,0,0,,data/processed/audio/test_f_1993__control_mild_noise.flac,71.600000,"LibriSpeech ASR corpus, dev-clean",CC BY 4.0
test_f_1993__ideal,test_f_1993,1993,F,test,ideal,0,0,,data/processed/audio/test_f_1993__ideal.flac,71.600000,"LibriSpeech ASR corpus, dev-clean",CC BY 4.0
test_f_2035__L1,test_f_2035,2035,F,test,injected,1,1,pace_slow,data/processed/audio/test_f_2035__L1.flac,63.578562,"LibriSpeech ASR corpus, dev-clean",CC BY 4.0
test_f_2035__L2,test_f_2035,2035,F,test,injected,2,2,monotone;pace_fast,data/processed/audio/test_f_2035__L2.flac,63.178750,"LibriSpeech ASR corpus, dev-clean",CC BY 4.0
test_f_2035__L3,test_f_2035,2035,F,test,injected,3,3,stumble_repeat;long_pause;long_pause,data/processed/audio/test_f_2035__L3.flac,66.410000,"LibriSpeech ASR corpus, dev-clean",CC BY 4.0
test_f_2035__L4,test_f_2035,2035,F,test,injected,4,5,pace_slow;filler;volume_dropoff;pace_slow;monotone,data/processed/audio/test_f_2035__L4.flac,64.546375,"LibriSpeech ASR corpus, dev-clean",CC BY 4.0
test_f_2035__L5,test_f_2035,2035,F,test,injected,5,7,long_pause;volume_dropoff;volume_dropoff;monotone;stumble_repeat;filler;pace_fast,data/processed/audio/test_f_2035__L5.flac,66.645750,"LibriSpeech ASR corpus, dev-clean",CC BY 4.0
test_f_2035__control_gain_plus6db,test_f_2035,2035,F,test,control,0,0,,data/processed/audio/test_f_2035__control_gain_plus6db.flac,63.450000,"LibriSpeech ASR corpus, dev-clean",CC BY 4.0
test_f_2035__control_identity,test_f_2035,2035,F,test,control,0,0,,data/processed/audio/test_f_2035__control_identity.flac,63.450000,"LibriSpeech ASR corpus, dev-clean",CC BY 4.0
test_f_2035__control_lossy_mp3,test_f_2035,2035,F,test,control,0,0,,data/processed/audio/test_f_2035__control_lossy_mp3.flac,63.450000,"LibriSpeech ASR corpus, dev-clean",CC BY 4.0
test_f_2035__control_mild_noise,test_f_2035,2035,F,test,control,0,0,,data/processed/audio/test_f_2035__control_mild_noise.flac,63.450000,"LibriSpeech ASR corpus, dev-clean",CC BY 4.0
test_f_2035__ideal,test_f_2035,2035,F,test,ideal,0,0,,data/processed/audio/test_f_2035__ideal.flac,63.450000,"LibriSpeech ASR corpus, dev-clean",CC BY 4.0
test_f_2277__L1,test_f_2277,2277,F,test,injected,1,1,long_pause,data/processed/audio/test_f_2277__L1.flac,65.040000,"LibriSpeech ASR corpus, dev-clean",CC BY 4.0
test_f_2277__L2,test_f_2277,2277,F,test,injected,2,2,pace_fast;pace_slow,data/processed/audio/test_f_2277__L2.flac,64.582813,"LibriSpeech ASR corpus, dev-clean",CC BY 4.0
test_f_2277__L3,test_f_2277,2277,F,test,injected,3,3,pace_slow;filler;volume_dropoff,data/processed/audio/test_f_2277__L3.flac,65.157562,"LibriSpeech ASR corpus, dev-clean",CC BY 4.0
test_f_2277__L4,test_f_2277,2277,F,test,injected,4,5,stumble_repeat;stumble_repeat;monotone;monotone;volume_dropoff,data/processed/audio/test_f_2277__L4.flac,65.540000,"LibriSpeech ASR corpus, dev-clean",CC BY 4.0
test_f_2277__L5,test_f_2277,2277,F,test,injected,5,7,pace_fast;long_pause;monotone;filler;long_pause;filler;pace_fast,data/processed/audio/test_f_2277__L5.flac,69.713688,"LibriSpeech ASR corpus, dev-clean",CC BY 4.0
test_f_2277__control_gain_minus6db,test_f_2277,2277,F,test,control,0,0,,data/processed/audio/test_f_2277__control_gain_minus6db.flac,64.440000,"LibriSpeech ASR corpus, dev-clean",CC BY 4.0
test_f_2277__control_identity,test_f_2277,2277,F,test,control,0,0,,data/processed/audio/test_f_2277__control_identity.flac,64.440000,"LibriSpeech ASR corpus, dev-clean",CC BY 4.0
test_f_2277__control_lossy_mp3,test_f_2277,2277,F,test,control,0,0,,data/processed/audio/test_f_2277__control_lossy_mp3.flac,64.440000,"LibriSpeech ASR corpus, dev-clean",CC BY 4.0
test_f_2277__control_mild_noise,test_f_2277,2277,F,test,control,0,0,,data/processed/audio/test_f_2277__control_mild_noise.flac,64.440000,"LibriSpeech ASR corpus, dev-clean",CC BY 4.0
test_f_2277__ideal,test_f_2277,2277,F,test,ideal,0,0,,data/processed/audio/test_f_2277__ideal.flac,64.440000,"LibriSpeech ASR corpus, dev-clean",CC BY 4.0
test_m_1272__L1,test_m_1272,1272,M,test,injected,1,1,stumble_repeat,data/processed/audio/test_m_1272__L1.flac,68.050000,"LibriSpeech ASR corpus, dev-clean",CC BY 4.0
test_m_1272__L2,test_m_1272,1272,M,test,injected,2,2,filler;pace_slow,data/processed/audio/test_m_1272__L2.flac,68.286812,"LibriSpeech ASR corpus, dev-clean",CC BY 4.0
test_m_1272__L3,test_m_1272,1272,M,test,injected,3,3,volume_dropoff;stumble_repeat;volume_dropoff,data/processed/audio/test_m_1272__L3.flac,67.890000,"LibriSpeech ASR corpus, dev-clean",CC BY 4.0
test_m_1272__L4,test_m_1272,1272,M,test,injected,4,5,pace_slow;monotone;monotone;long_pause;pace_fast,data/processed/audio/test_m_1272__L4.flac,69.473875,"LibriSpeech ASR corpus, dev-clean",CC BY 4.0
test_m_1272__L5,test_m_1272,1272,M,test,injected,5,7,volume_dropoff;long_pause;monotone;pace_slow;long_pause;pace_fast;filler,data/processed/audio/test_m_1272__L5.flac,73.722938,"LibriSpeech ASR corpus, dev-clean",CC BY 4.0
test_m_1272__control_gain_minus6db,test_m_1272,1272,M,test,control,0,0,,data/processed/audio/test_m_1272__control_gain_minus6db.flac,67.710000,"LibriSpeech ASR corpus, dev-clean",CC BY 4.0
test_m_1272__control_identity,test_m_1272,1272,M,test,control,0,0,,data/processed/audio/test_m_1272__control_identity.flac,67.710000,"LibriSpeech ASR corpus, dev-clean",CC BY 4.0
test_m_1272__control_lossy_mp3,test_m_1272,1272,M,test,control,0,0,,data/processed/audio/test_m_1272__control_lossy_mp3.flac,67.710000,"LibriSpeech ASR corpus, dev-clean",CC BY 4.0
test_m_1272__control_mild_noise,test_m_1272,1272,M,test,control,0,0,,data/processed/audio/test_m_1272__control_mild_noise.flac,67.710000,"LibriSpeech ASR corpus, dev-clean",CC BY 4.0
test_m_1272__ideal,test_m_1272,1272,M,test,ideal,0,0,,data/processed/audio/test_m_1272__ideal.flac,67.710000,"LibriSpeech ASR corpus, dev-clean",CC BY 4.0
test_m_2078__L1,test_m_2078,2078,M,test,injected,1,1,pace_slow,data/processed/audio/test_m_2078__L1.flac,61.963187,"LibriSpeech ASR corpus, dev-clean",CC BY 4.0
test_m_2078__L2,test_m_2078,2078,M,test,injected,2,2,volume_dropoff;stumble_repeat,data/processed/audio/test_m_2078__L2.flac,62.070000,"LibriSpeech ASR corpus, dev-clean",CC BY 4.0
test_m_2078__L3,test_m_2078,2078,M,test,injected,3,3,monotone;pace_fast;filler,data/processed/audio/test_m_2078__L3.flac,62.087875,"LibriSpeech ASR corpus, dev-clean",CC BY 4.0
test_m_2078__L4,test_m_2078,2078,M,test,injected,4,5,volume_dropoff;long_pause;long_pause;filler;stumble_repeat,data/processed/audio/test_m_2078__L4.flac,66.755000,"LibriSpeech ASR corpus, dev-clean",CC BY 4.0
test_m_2078__L5,test_m_2078,2078,M,test,injected,5,7,filler;monotone;monotone;pace_slow;volume_dropoff;pace_fast;long_pause,data/processed/audio/test_m_2078__L5.flac,65.629375,"LibriSpeech ASR corpus, dev-clean",CC BY 4.0
test_m_2078__control_gain_plus6db,test_m_2078,2078,M,test,control,0,0,,data/processed/audio/test_m_2078__control_gain_plus6db.flac,61.890000,"LibriSpeech ASR corpus, dev-clean",CC BY 4.0
test_m_2078__control_identity,test_m_2078,2078,M,test,control,0,0,,data/processed/audio/test_m_2078__control_identity.flac,61.890000,"LibriSpeech ASR corpus, dev-clean",CC BY 4.0
test_m_2078__control_lossy_mp3,test_m_2078,2078,M,test,control,0,0,,data/processed/audio/test_m_2078__control_lossy_mp3.flac,61.890000,"LibriSpeech ASR corpus, dev-clean",CC BY 4.0
test_m_2078__control_mild_noise,test_m_2078,2078,M,test,control,0,0,,data/processed/audio/test_m_2078__control_mild_noise.flac,61.890000,"LibriSpeech ASR corpus, dev-clean",CC BY 4.0
test_m_2078__ideal,test_m_2078,2078,M,test,ideal,0,0,,data/processed/audio/test_m_2078__ideal.flac,61.890000,"LibriSpeech ASR corpus, dev-clean",CC BY 4.0
test_m_2086__L1,test_m_2086,2086,M,test,injected,1,1,stumble_repeat,data/processed/audio/test_m_2086__L1.flac,67.800000,"LibriSpeech ASR corpus, dev-clean",CC BY 4.0
test_m_2086__L2,test_m_2086,2086,M,test,injected,2,2,monotone;monotone,data/processed/audio/test_m_2086__L2.flac,67.740000,"LibriSpeech ASR corpus, dev-clean",CC BY 4.0
test_m_2086__L3,test_m_2086,2086,M,test,injected,3,3,pace_fast;volume_dropoff;pace_slow,data/processed/audio/test_m_2086__L3.flac,67.732062,"LibriSpeech ASR corpus, dev-clean",CC BY 4.0
test_m_2086__L4,test_m_2086,2086,M,test,injected,4,5,stumble_repeat;stumble_repeat;filler;long_pause;pace_fast,data/processed/audio/test_m_2086__L4.flac,70.589125,"LibriSpeech ASR corpus, dev-clean",CC BY 4.0
test_m_2086__L5,test_m_2086,2086,M,test,injected,5,7,volume_dropoff;monotone;filler;pace_slow;pace_slow;long_pause;filler,data/processed/audio/test_m_2086__L5.flac,73.555375,"LibriSpeech ASR corpus, dev-clean",CC BY 4.0
test_m_2086__control_gain_minus6db,test_m_2086,2086,M,test,control,0,0,,data/processed/audio/test_m_2086__control_gain_minus6db.flac,67.740000,"LibriSpeech ASR corpus, dev-clean",CC BY 4.0
test_m_2086__control_identity,test_m_2086,2086,M,test,control,0,0,,data/processed/audio/test_m_2086__control_identity.flac,67.740000,"LibriSpeech ASR corpus, dev-clean",CC BY 4.0
test_m_2086__control_lossy_mp3,test_m_2086,2086,M,test,control,0,0,,data/processed/audio/test_m_2086__control_lossy_mp3.flac,67.740000,"LibriSpeech ASR corpus, dev-clean",CC BY 4.0
test_m_2086__control_mild_noise,test_m_2086,2086,M,test,control,0,0,,data/processed/audio/test_m_2086__control_mild_noise.flac,67.740000,"LibriSpeech ASR corpus, dev-clean",CC BY 4.0
test_m_2086__ideal,test_m_2086,2086,M,test,ideal,0,0,,data/processed/audio/test_m_2086__ideal.flac,67.740000,"LibriSpeech ASR corpus, dev-clean",CC BY 4.0
test_m_777__L1,test_m_777,777,M,test,injected,1,1,volume_dropoff,data/processed/audio/test_m_777__L1.flac,66.470000,"LibriSpeech ASR corpus, dev-clean",CC BY 4.0
test_m_777__L2,test_m_777,777,M,test,injected,2,2,filler;long_pause,data/processed/audio/test_m_777__L2.flac,67.757500,"LibriSpeech ASR corpus, dev-clean",CC BY 4.0
test_m_777__L3,test_m_777,777,M,test,injected,3,3,pace_fast;pace_fast;filler,data/processed/audio/test_m_777__L3.flac,66.456438,"LibriSpeech ASR corpus, dev-clean",CC BY 4.0
test_m_777__L4,test_m_777,777,M,test,injected,4,5,volume_dropoff;pace_fast;long_pause;pace_slow;stumble_repeat,data/processed/audio/test_m_777__L4.flac,68.834000,"LibriSpeech ASR corpus, dev-clean",CC BY 4.0
test_m_777__L5,test_m_777,777,M,test,injected,5,7,long_pause;monotone;monotone;monotone;stumble_repeat;filler;pace_slow,data/processed/audio/test_m_777__L5.flac,71.273313,"LibriSpeech ASR corpus, dev-clean",CC BY 4.0
test_m_777__control_gain_plus6db,test_m_777,777,M,test,control,0,0,,data/processed/audio/test_m_777__control_gain_plus6db.flac,66.470000,"LibriSpeech ASR corpus, dev-clean",CC BY 4.0
test_m_777__control_identity,test_m_777,777,M,test,control,0,0,,data/processed/audio/test_m_777__control_identity.flac,66.470000,"LibriSpeech ASR corpus, dev-clean",CC BY 4.0
test_m_777__control_lossy_mp3,test_m_777,777,M,test,control,0,0,,data/processed/audio/test_m_777__control_lossy_mp3.flac,66.470000,"LibriSpeech ASR corpus, dev-clean",CC BY 4.0
test_m_777__control_mild_noise,test_m_777,777,M,test,control,0,0,,data/processed/audio/test_m_777__control_mild_noise.flac,66.470000,"LibriSpeech ASR corpus, dev-clean",CC BY 4.0
test_m_777__ideal,test_m_777,777,M,test,ideal,0,0,,data/processed/audio/test_m_777__ideal.flac,66.470000,"LibriSpeech ASR corpus, dev-clean",CC BY 4.0
